fact,value,read_from
author_email,alkanfb45@gmail.com,measured from the repository during WP-C00
author_name,Abdülkadir,measured from the repository during WP-C00
branch,main,measured from the repository during WP-C00
commit,f95b467320b9dcab787b4abed76544ffc7ef3641,measured from the repository during WP-C00
committed_at,2026-09-05T21:58:35+00:00,measured from the repository during WP-C00
file_count,1370,measured from the repository during WP-C00
remote_count,0,measured from the repository during WP-C00
tag,baseline/pre-closure-v0.2.0.dev0,measured from the repository during WP-C00
tree,39581eab87e4c75f4a70e4cbab88294ab0139d76,measured from the repository during WP-C00
